{
	"Session":{
		"ID":"multisrc",
		"DoAutoThread":1,
		"Photons":10000000
	},
	"Forward":{
		"T0":0,
		"T1":5e-09,
		"Dt":5e-09
	},
	"Optode":{
		"Source":{
			"Pos":[
				[50,30,0,1],
				[44.14213562373095,44.14213562373095,0,1],
				[30,50,0,1],
				[15.85786437626905,44.14213562373095,0,1],
				[10,30.00000000000001,0,1],
				[15.85786437626905,15.85786437626905,0,1],
				[29.99999999999999,10,0,1],
				[44.14213562373094,15.85786437626904,0,1],
				[25,25,0,4]
			],
			"Dir":[
				[-0.5,0,0.8660254037844386,20],
				[-0.3535533905932738,-0.3535533905932737,0.8660254037844386,20],
				[-1.110223024625157e-16,-0.5,0.8660254037844386,20],
				[0.3535533905932737,-0.3535533905932738,0.8660254037844386,20],
				[0.5,-1.387778780781446e-16,0.8660254037844386,20],
				[0.3535533905932739,0.3535533905932736,0.8660254037844386,20],
				[2.220446049250313e-16,0.5,0.8660254037844386,20],
				[-0.3535533905932736,0.353553390593274,0.8660254037844386,20],
				[0,0,1,0]
			],
			"Param1":[
				[-8,3,0,0],
				[-7.778174593052023,-3.535533905932737,0,0],
				[-3.000000000000002,-8,0,0],
				[3.535533905932736,-7.778174593052024,0,0],
				[8,-3.000000000000004,0,0],
				[7.778174593052025,3.535533905932735,0,0],
				[3.000000000000004,7.999999999999999,0,0],
				[-3.535533905932733,7.778174593052025,0,0],
				[10,0,0,0]
			],
			"Param2":[
				[3,3,0,0],
				[4.440892098500626e-16,4.242640687119286,0,0],
				[-3,3.000000000000001,0,0],
				[-4.242640687119286,1.332267629550188e-15,0,0],
				[-3.000000000000001,-2.999999999999999,0,0],
				[-1.77635683940025e-15,-4.242640687119286,0,0],
				[2.999999999999999,-3.000000000000002,0,0],
				[4.242640687119286,-2.664535259100376e-15,0,0],
				[0,10,0,0]
			],
			"Type":"planar"
		}
	},
	"Domain":{
		"OriginType":0,
		"Media":[
			{
				"mua":0,
				"mus":0,
				"g":1,
				"n":1
			},
			{
				"mua":0.005,
				"mus":0.2,
				"g":0,
				"n":1.37
			}
		],
		"MediaFormat":"byte",
		"Dim":[60,60,40],
		"VolumeFile":""
	},
	"Shapes":[
		{"Grid": {"Tag":1, "Size":[60,60,40]}}
	]
}
